recording id,timestamp [ns]
05b1e954-e0de-4e6a-bec5-f040535b11d2,1747059631094837443
05b1e954-e0de-4e6a-bec5-f040535b11d2,1747059631107256443
05b1e954-e0de-4e6a-bec5-f040535b11d2,1747059631140599443
05b1e954-e0de-4e6a-bec5-f040535b11d2,1747059631173941443
05b1e954-e0de-4e6a-bec5-f040535b11d2,1747059631207284443
05b1e954-e0de-4e6a-bec5-f040535b11d2,1747059631240626443
05b1e954-e0de-4e6a-bec5-f040535b11d2,1747059631273969443
05b1e954-e0de-4e6a-bec5-f040535b11d2,1747059631307311443
05b1e954-e0de-4e6a-bec5-f040535b11d2,1747059631340654443
05b1e954-e0de-4e6a-bec5-f040535b11d2,1747059631373996443
05b1e954-e0de-4e6a-bec5-f040535b11d2,1747059631407339443
05b1e954-e0de-4e6a-bec5-f040535b11d2,1747059631440681443
05b1e954-e0de-4e6a-bec5-f040535b11d2,1747059631474023443
05b1e954-e0de-4e6a-bec5-f040535b11d2,1747059631507366443
05b1e954-e0de-4e6a-bec5-f040535b11d2,1747059631540708443
05b1e954-e0de-4e6a-bec5-f040535b11d2,1747059631574051443
05b1e954-e0de-4e6a-bec5-f040535b11d2,1747059631607393443
05b1e954-e0de-4e6a-bec5-f040535b11d2,1747059631640736443
05b1e954-e0de-4e6a-bec5-f040535b11d2,1747059631674078443
05b1e954-e0de-4e6a-bec5-f040535b11d2,1747059631707421443
05b1e954-e0de-4e6a-bec5-f040535b11d2,1747059631740763443
05b1e954-e0de-4e6a-bec5-f040535b11d2,1747059631774105443
05b1e954-e0de-4e6a-bec5-f040535b11d2,1747059631807448443
05b1e954-e0de-4e6a-bec5-f040535b11d2,1747059631840790443
05b1e954-e0de-4e6a-bec5-f040535b11d2,1747059631874133443
05b1e954-e0de-4e6a-bec5-f040535b11d2,1747059631907475443
05b1e954-e0de-4e6a-bec5-f040535b11d2,1747059631940818443
05b1e954-e0de-4e6a-bec5-f040535b11d2,1747059631974160443
05b1e954-e0de-4e6a-bec5-f040535b11d2,1747059632007503443
05b1e954-e0de-4e6a-bec5-f040535b11d2,1747059632040845443
05b1e954-e0de-4e6a-bec5-f040535b11d2,1747059632074187443
05b1e954-e0de-4e6a-bec5-f040535b11d2,1747059632107530443
05b1e954-e0de-4e6a-bec5-f040535b11d2,1747059632140872443
05b1e954-e0de-4e6a-bec5-f040535b11d2,1747059632174215443
05b1e954-e0de-4e6a-bec5-f040535b11d2,1747059632207557443
05b1e954-e0de-4e6a-bec5-f040535b11d2,1747059632240900443
05b1e954-e0de-4e6a-bec5-f040535b11d2,1747059632274242443
05b1e954-e0de-4e6a-bec5-f040535b11d2,1747059632307585443
05b1e954-e0de-4e6a-bec5-f040535b11d2,1747059632340927443
05b1e954-e0de-4e6a-bec5-f040535b11d2,1747059632374269443
05b1e954-e0de-4e6a-bec5-f040535b11d2,1747059632407612443
05b1e954-e0de-4e6a-bec5-f040535b11d2,1747059632440954443
05b1e954-e0de-4e6a-bec5-f040535b11d2,1747059632474297443
05b1e954-e0de-4e6a-bec5-f040535b11d2,1747059632507639443
05b1e954-e0de-4e6a-bec5-f040535b11d2,1747059632540982443
05b1e954-e0de-4e6a-bec5-f040535b11d2,1747059632574324443
05b1e954-e0de-4e6a-bec5-f040535b11d2,1747059632607667443
05b1e954-e0de-4e6a-bec5-f040535b11d2,1747059632641009443
05b1e954-e0de-4e6a-bec5-f040535b11d2,1747059632674351443
05b1e954-e0de-4e6a-bec5-f040535b11d2,1747059632707694443
05b1e954-e0de-4e6a-bec5-f040535b11d2,1747059632741036443
05b1e954-e0de-4e6a-bec5-f040535b11d2,1747059632774379443
05b1e954-e0de-4e6a-bec5-f040535b11d2,1747059632807721443
05b1e954-e0de-4e6a-bec5-f040535b11d2,1747059632841064443
05b1e954-e0de-4e6a-bec5-f040535b11d2,1747059632874406443
05b1e954-e0de-4e6a-bec5-f040535b11d2,1747059632907749443
05b1e954-e0de-4e6a-bec5-f040535b11d2,1747059632941091443
05b1e954-e0de-4e6a-bec5-f040535b11d2,1747059632974433443
05b1e954-e0de-4e6a-bec5-f040535b11d2,1747059633007776443
05b1e954-e0de-4e6a-bec5-f040535b11d2,1747059633041118443
05b1e954-e0de-4e6a-bec5-f040535b11d2,1747059633074461443
05b1e954-e0de-4e6a-bec5-f040535b11d2,1747059633107803443
05b1e954-e0de-4e6a-bec5-f040535b11d2,1747059633141146443
05b1e954-e0de-4e6a-bec5-f040535b11d2,1747059633174488443
05b1e954-e0de-4e6a-bec5-f040535b11d2,1747059633207831443
05b1e954-e0de-4e6a-bec5-f040535b11d2,1747059633241173443
05b1e954-e0de-4e6a-bec5-f040535b11d2,1747059633274516443
05b1e954-e0de-4e6a-bec5-f040535b11d2,1747059633307858443
05b1e954-e0de-4e6a-bec5-f040535b11d2,1747059633341200443
05b1e954-e0de-4e6a-bec5-f040535b11d2,1747059633374543443
05b1e954-e0de-4e6a-bec5-f040535b11d2,1747059633407885443
05b1e954-e0de-4e6a-bec5-f040535b11d2,1747059633441228443
05b1e954-e0de-4e6a-bec5-f040535b11d2,1747059633474570443
05b1e954-e0de-4e6a-bec5-f040535b11d2,1747059633507913443
05b1e954-e0de-4e6a-bec5-f040535b11d2,1747059633541255443
05b1e954-e0de-4e6a-bec5-f040535b11d2,1747059633574598443
05b1e954-e0de-4e6a-bec5-f040535b11d2,1747059633607940443
05b1e954-e0de-4e6a-bec5-f040535b11d2,1747059633641282443
05b1e954-e0de-4e6a-bec5-f040535b11d2,1747059633674625443
05b1e954-e0de-4e6a-bec5-f040535b11d2,1747059633707967443
05b1e954-e0de-4e6a-bec5-f040535b11d2,1747059633741310443
05b1e954-e0de-4e6a-bec5-f040535b11d2,1747059633774652443
05b1e954-e0de-4e6a-bec5-f040535b11d2,1747059633807995443
05b1e954-e0de-4e6a-bec5-f040535b11d2,1747059633841337443
05b1e954-e0de-4e6a-bec5-f040535b11d2,1747059633874680443
05b1e954-e0de-4e6a-bec5-f040535b11d2,1747059633908022443
05b1e954-e0de-4e6a-bec5-f040535b11d2,1747059633941364443
05b1e954-e0de-4e6a-bec5-f040535b11d2,1747059633974707443
05b1e954-e0de-4e6a-bec5-f040535b11d2,1747059634008049443
05b1e954-e0de-4e6a-bec5-f040535b11d2,1747059634041392443
05b1e954-e0de-4e6a-bec5-f040535b11d2,1747059634074734443
05b1e954-e0de-4e6a-bec5-f040535b11d2,1747059634108077443
05b1e954-e0de-4e6a-bec5-f040535b11d2,1747059634141419443
05b1e954-e0de-4e6a-bec5-f040535b11d2,1747059634174762443
05b1e954-e0de-4e6a-bec5-f040535b11d2,1747059634208104443
05b1e954-e0de-4e6a-bec5-f040535b11d2,1747059634241446443
05b1e954-e0de-4e6a-bec5-f040535b11d2,1747059634274789443
05b1e954-e0de-4e6a-bec5-f040535b11d2,1747059634308131443
05b1e954-e0de-4e6a-bec5-f040535b11d2,1747059634341474443
05b1e954-e0de-4e6a-bec5-f040535b11d2,1747059634374816443
05b1e954-e0de-4e6a-bec5-f040535b11d2,1747059634408159443
05b1e954-e0de-4e6a-bec5-f040535b11d2,1747059634441501443
05b1e954-e0de-4e6a-bec5-f040535b11d2,1747059634474844443
05b1e954-e0de-4e6a-bec5-f040535b11d2,1747059634508186443
05b1e954-e0de-4e6a-bec5-f040535b11d2,1747059634541528443
05b1e954-e0de-4e6a-bec5-f040535b11d2,1747059634574871443
05b1e954-e0de-4e6a-bec5-f040535b11d2,1747059634608213443
05b1e954-e0de-4e6a-bec5-f040535b11d2,1747059634641556443
05b1e954-e0de-4e6a-bec5-f040535b11d2,1747059634674898443
05b1e954-e0de-4e6a-bec5-f040535b11d2,1747059634708241443
05b1e954-e0de-4e6a-bec5-f040535b11d2,1747059634741583443
05b1e954-e0de-4e6a-bec5-f040535b11d2,1747059634774926443
05b1e954-e0de-4e6a-bec5-f040535b11d2,1747059634808268443
05b1e954-e0de-4e6a-bec5-f040535b11d2,1747059634841610443
05b1e954-e0de-4e6a-bec5-f040535b11d2,1747059634874953443
05b1e954-e0de-4e6a-bec5-f040535b11d2,1747059634908295443
05b1e954-e0de-4e6a-bec5-f040535b11d2,1747059634941638443
05b1e954-e0de-4e6a-bec5-f040535b11d2,1747059634974980443
05b1e954-e0de-4e6a-bec5-f040535b11d2,1747059635008323443
05b1e954-e0de-4e6a-bec5-f040535b11d2,1747059635041665443
05b1e954-e0de-4e6a-bec5-f040535b11d2,1747059635075008443
05b1e954-e0de-4e6a-bec5-f040535b11d2,1747059635108350443
05b1e954-e0de-4e6a-bec5-f040535b11d2,1747059635141693443
05b1e954-e0de-4e6a-bec5-f040535b11d2,1747059635175035443
05b1e954-e0de-4e6a-bec5-f040535b11d2,1747059635208377443
05b1e954-e0de-4e6a-bec5-f040535b11d2,1747059635241720443
05b1e954-e0de-4e6a-bec5-f040535b11d2,1747059635275062443
05b1e954-e0de-4e6a-bec5-f040535b11d2,1747059635308405443
05b1e954-e0de-4e6a-bec5-f040535b11d2,1747059635341747443
05b1e954-e0de-4e6a-bec5-f040535b11d2,1747059635375090443
05b1e954-e0de-4e6a-bec5-f040535b11d2,1747059635408432443
05b1e954-e0de-4e6a-bec5-f040535b11d2,1747059635441775443
05b1e954-e0de-4e6a-bec5-f040535b11d2,1747059635475117443
05b1e954-e0de-4e6a-bec5-f040535b11d2,1747059635508459443
05b1e954-e0de-4e6a-bec5-f040535b11d2,1747059635541802443
05b1e954-e0de-4e6a-bec5-f040535b11d2,1747059635575144443
05b1e954-e0de-4e6a-bec5-f040535b11d2,1747059635608487443
05b1e954-e0de-4e6a-bec5-f040535b11d2,1747059635641829443
05b1e954-e0de-4e6a-bec5-f040535b11d2,1747059635675172443
05b1e954-e0de-4e6a-bec5-f040535b11d2,1747059635708514443
05b1e954-e0de-4e6a-bec5-f040535b11d2,1747059635741857443
05b1e954-e0de-4e6a-bec5-f040535b11d2,1747059635775199443
05b1e954-e0de-4e6a-bec5-f040535b11d2,1747059635808541443
05b1e954-e0de-4e6a-bec5-f040535b11d2,1747059635841884443
05b1e954-e0de-4e6a-bec5-f040535b11d2,1747059635875226443
05b1e954-e0de-4e6a-bec5-f040535b11d2,1747059635908569443
05b1e954-e0de-4e6a-bec5-f040535b11d2,1747059635941911443
05b1e954-e0de-4e6a-bec5-f040535b11d2,1747059635975254443
05b1e954-e0de-4e6a-bec5-f040535b11d2,1747059636008596443
05b1e954-e0de-4e6a-bec5-f040535b11d2,1747059636041939443
05b1e954-e0de-4e6a-bec5-f040535b11d2,1747059636075281443
05b1e954-e0de-4e6a-bec5-f040535b11d2,1747059636108623443
05b1e954-e0de-4e6a-bec5-f040535b11d2,1747059636141966443
05b1e954-e0de-4e6a-bec5-f040535b11d2,1747059636175308443
05b1e954-e0de-4e6a-bec5-f040535b11d2,1747059636208651443
05b1e954-e0de-4e6a-bec5-f040535b11d2,1747059636241993443
05b1e954-e0de-4e6a-bec5-f040535b11d2,1747059636275336443
05b1e954-e0de-4e6a-bec5-f040535b11d2,1747059636308678443
05b1e954-e0de-4e6a-bec5-f040535b11d2,1747059636342021443
05b1e954-e0de-4e6a-bec5-f040535b11d2,1747059636375363443
05b1e954-e0de-4e6a-bec5-f040535b11d2,1747059636408705443
05b1e954-e0de-4e6a-bec5-f040535b11d2,1747059636442048443
05b1e954-e0de-4e6a-bec5-f040535b11d2,1747059636475390443
05b1e954-e0de-4e6a-bec5-f040535b11d2,1747059636508733443
05b1e954-e0de-4e6a-bec5-f040535b11d2,1747059636542075443
05b1e954-e0de-4e6a-bec5-f040535b11d2,1747059636575418443
05b1e954-e0de-4e6a-bec5-f040535b11d2,1747059636608760443
05b1e954-e0de-4e6a-bec5-f040535b11d2,1747059636642103443
05b1e954-e0de-4e6a-bec5-f040535b11d2,1747059636675445443
05b1e954-e0de-4e6a-bec5-f040535b11d2,1747059636708787443
05b1e954-e0de-4e6a-bec5-f040535b11d2,1747059636742130443
05b1e954-e0de-4e6a-bec5-f040535b11d2,1747059636775472443
05b1e954-e0de-4e6a-bec5-f040535b11d2,1747059636808815443
05b1e954-e0de-4e6a-bec5-f040535b11d2,1747059636842157443
05b1e954-e0de-4e6a-bec5-f040535b11d2,1747059636875500443
05b1e954-e0de-4e6a-bec5-f040535b11d2,1747059636908842443
05b1e954-e0de-4e6a-bec5-f040535b11d2,1747059636942185443
05b1e954-e0de-4e6a-bec5-f040535b11d2,1747059636975527443
05b1e954-e0de-4e6a-bec5-f040535b11d2,1747059637008870443
05b1e954-e0de-4e6a-bec5-f040535b11d2,1747059637042212443
05b1e954-e0de-4e6a-bec5-f040535b11d2,1747059637075554443
05b1e954-e0de-4e6a-bec5-f040535b11d2,1747059637108897443
05b1e954-e0de-4e6a-bec5-f040535b11d2,1747059637142239443
05b1e954-e0de-4e6a-bec5-f040535b11d2,1747059637175582443
05b1e954-e0de-4e6a-bec5-f040535b11d2,1747059637208924443
05b1e954-e0de-4e6a-bec5-f040535b11d2,1747059637242267443
05b1e954-e0de-4e6a-bec5-f040535b11d2,1747059637275609443
05b1e954-e0de-4e6a-bec5-f040535b11d2,1747059637308952443
05b1e954-e0de-4e6a-bec5-f040535b11d2,1747059637342294443
05b1e954-e0de-4e6a-bec5-f040535b11d2,1747059637375636443
05b1e954-e0de-4e6a-bec5-f040535b11d2,1747059637408979443
05b1e954-e0de-4e6a-bec5-f040535b11d2,1747059637442321443
05b1e954-e0de-4e6a-bec5-f040535b11d2,1747059637475664443
05b1e954-e0de-4e6a-bec5-f040535b11d2,1747059637509006443
05b1e954-e0de-4e6a-bec5-f040535b11d2,1747059637542349443
05b1e954-e0de-4e6a-bec5-f040535b11d2,1747059637575691443
05b1e954-e0de-4e6a-bec5-f040535b11d2,1747059637609034443
05b1e954-e0de-4e6a-bec5-f040535b11d2,1747059637642376443
05b1e954-e0de-4e6a-bec5-f040535b11d2,1747059637675718443
05b1e954-e0de-4e6a-bec5-f040535b11d2,1747059637709061443
05b1e954-e0de-4e6a-bec5-f040535b11d2,1747059637742403443
05b1e954-e0de-4e6a-bec5-f040535b11d2,1747059637775746443
05b1e954-e0de-4e6a-bec5-f040535b11d2,1747059637809088443
05b1e954-e0de-4e6a-bec5-f040535b11d2,1747059637842431443
05b1e954-e0de-4e6a-bec5-f040535b11d2,1747059637875773443
05b1e954-e0de-4e6a-bec5-f040535b11d2,1747059637909116443
05b1e954-e0de-4e6a-bec5-f040535b11d2,1747059637942458443
05b1e954-e0de-4e6a-bec5-f040535b11d2,1747059637975800443
05b1e954-e0de-4e6a-bec5-f040535b11d2,1747059638009143443
05b1e954-e0de-4e6a-bec5-f040535b11d2,1747059638042485443
05b1e954-e0de-4e6a-bec5-f040535b11d2,1747059638075828443
05b1e954-e0de-4e6a-bec5-f040535b11d2,1747059638109170443
05b1e954-e0de-4e6a-bec5-f040535b11d2,1747059638142513443
05b1e954-e0de-4e6a-bec5-f040535b11d2,1747059638175855443
05b1e954-e0de-4e6a-bec5-f040535b11d2,1747059638209198443
05b1e954-e0de-4e6a-bec5-f040535b11d2,1747059638242540443
05b1e954-e0de-4e6a-bec5-f040535b11d2,1747059638275882443
05b1e954-e0de-4e6a-bec5-f040535b11d2,1747059638309225443
05b1e954-e0de-4e6a-bec5-f040535b11d2,1747059638342567443
05b1e954-e0de-4e6a-bec5-f040535b11d2,1747059638375910443
05b1e954-e0de-4e6a-bec5-f040535b11d2,1747059638409252443
05b1e954-e0de-4e6a-bec5-f040535b11d2,1747059638442595443
05b1e954-e0de-4e6a-bec5-f040535b11d2,1747059638475937443
05b1e954-e0de-4e6a-bec5-f040535b11d2,1747059638509280443
05b1e954-e0de-4e6a-bec5-f040535b11d2,1747059638542622443
05b1e954-e0de-4e6a-bec5-f040535b11d2,1747059638575964443
05b1e954-e0de-4e6a-bec5-f040535b11d2,1747059638609307443
05b1e954-e0de-4e6a-bec5-f040535b11d2,1747059638642649443
05b1e954-e0de-4e6a-bec5-f040535b11d2,1747059638675992443
05b1e954-e0de-4e6a-bec5-f040535b11d2,1747059638709334443
05b1e954-e0de-4e6a-bec5-f040535b11d2,1747059638742677443
05b1e954-e0de-4e6a-bec5-f040535b11d2,1747059638776019443
05b1e954-e0de-4e6a-bec5-f040535b11d2,1747059638809362443
05b1e954-e0de-4e6a-bec5-f040535b11d2,1747059638842704443
05b1e954-e0de-4e6a-bec5-f040535b11d2,1747059638876047443
05b1e954-e0de-4e6a-bec5-f040535b11d2,1747059638909389443
05b1e954-e0de-4e6a-bec5-f040535b11d2,1747059638942731443
05b1e954-e0de-4e6a-bec5-f040535b11d2,1747059638976074443
05b1e954-e0de-4e6a-bec5-f040535b11d2,1747059639009416443
05b1e954-e0de-4e6a-bec5-f040535b11d2,1747059639042759443
05b1e954-e0de-4e6a-bec5-f040535b11d2,1747059639076101443
05b1e954-e0de-4e6a-bec5-f040535b11d2,1747059639109444443
05b1e954-e0de-4e6a-bec5-f040535b11d2,1747059639142786443
05b1e954-e0de-4e6a-bec5-f040535b11d2,1747059639176129443
05b1e954-e0de-4e6a-bec5-f040535b11d2,1747059639209471443
05b1e954-e0de-4e6a-bec5-f040535b11d2,1747059639242813443
05b1e954-e0de-4e6a-bec5-f040535b11d2,1747059639276156443
05b1e954-e0de-4e6a-bec5-f040535b11d2,1747059639309498443
05b1e954-e0de-4e6a-bec5-f040535b11d2,1747059639342841443
05b1e954-e0de-4e6a-bec5-f040535b11d2,1747059639376183443
05b1e954-e0de-4e6a-bec5-f040535b11d2,1747059639409526443
05b1e954-e0de-4e6a-bec5-f040535b11d2,1747059639442868443
05b1e954-e0de-4e6a-bec5-f040535b11d2,1747059639476211443
05b1e954-e0de-4e6a-bec5-f040535b11d2,1747059639509553443
05b1e954-e0de-4e6a-bec5-f040535b11d2,1747059639542895443
05b1e954-e0de-4e6a-bec5-f040535b11d2,1747059639576238443
05b1e954-e0de-4e6a-bec5-f040535b11d2,1747059639609580443
05b1e954-e0de-4e6a-bec5-f040535b11d2,1747059639642923443
05b1e954-e0de-4e6a-bec5-f040535b11d2,1747059639676265443
05b1e954-e0de-4e6a-bec5-f040535b11d2,1747059639709608443
05b1e954-e0de-4e6a-bec5-f040535b11d2,1747059639742950443
05b1e954-e0de-4e6a-bec5-f040535b11d2,1747059639776293443
05b1e954-e0de-4e6a-bec5-f040535b11d2,1747059639809635443
05b1e954-e0de-4e6a-bec5-f040535b11d2,1747059639842977443
05b1e954-e0de-4e6a-bec5-f040535b11d2,1747059639876320443
05b1e954-e0de-4e6a-bec5-f040535b11d2,1747059639909662443
05b1e954-e0de-4e6a-bec5-f040535b11d2,1747059639943005443
05b1e954-e0de-4e6a-bec5-f040535b11d2,1747059639976347443
05b1e954-e0de-4e6a-bec5-f040535b11d2,1747059640009690443
05b1e954-e0de-4e6a-bec5-f040535b11d2,1747059640043032443
05b1e954-e0de-4e6a-bec5-f040535b11d2,1747059640076375443
05b1e954-e0de-4e6a-bec5-f040535b11d2,1747059640109717443
05b1e954-e0de-4e6a-bec5-f040535b11d2,1747059640143059443
05b1e954-e0de-4e6a-bec5-f040535b11d2,1747059640176402443
05b1e954-e0de-4e6a-bec5-f040535b11d2,1747059640209744443
05b1e954-e0de-4e6a-bec5-f040535b11d2,1747059640243087443
05b1e954-e0de-4e6a-bec5-f040535b11d2,1747059640276429443
05b1e954-e0de-4e6a-bec5-f040535b11d2,1747059640309772443
05b1e954-e0de-4e6a-bec5-f040535b11d2,1747059640343114443
05b1e954-e0de-4e6a-bec5-f040535b11d2,1747059640376457443
05b1e954-e0de-4e6a-bec5-f040535b11d2,1747059640409799443
05b1e954-e0de-4e6a-bec5-f040535b11d2,1747059640443141443
05b1e954-e0de-4e6a-bec5-f040535b11d2,1747059640476484443
05b1e954-e0de-4e6a-bec5-f040535b11d2,1747059640509826443
05b1e954-e0de-4e6a-bec5-f040535b11d2,1747059640543169443
05b1e954-e0de-4e6a-bec5-f040535b11d2,1747059640576511443
05b1e954-e0de-4e6a-bec5-f040535b11d2,1747059640609854443
05b1e954-e0de-4e6a-bec5-f040535b11d2,1747059640643196443
05b1e954-e0de-4e6a-bec5-f040535b11d2,1747059640676539443
05b1e954-e0de-4e6a-bec5-f040535b11d2,1747059640709881443
05b1e954-e0de-4e6a-bec5-f040535b11d2,1747059640743224443
05b1e954-e0de-4e6a-bec5-f040535b11d2,1747059640776566443
05b1e954-e0de-4e6a-bec5-f040535b11d2,1747059640809908443
05b1e954-e0de-4e6a-bec5-f040535b11d2,1747059640843251443
05b1e954-e0de-4e6a-bec5-f040535b11d2,1747059640876593443
05b1e954-e0de-4e6a-bec5-f040535b11d2,1747059640909936443
05b1e954-e0de-4e6a-bec5-f040535b11d2,1747059640943278443
05b1e954-e0de-4e6a-bec5-f040535b11d2,1747059640976621443
05b1e954-e0de-4e6a-bec5-f040535b11d2,1747059641009963443
05b1e954-e0de-4e6a-bec5-f040535b11d2,1747059641043306443
05b1e954-e0de-4e6a-bec5-f040535b11d2,1747059641076648443
05b1e954-e0de-4e6a-bec5-f040535b11d2,1747059641109990443
05b1e954-e0de-4e6a-bec5-f040535b11d2,1747059641143333443
05b1e954-e0de-4e6a-bec5-f040535b11d2,1747059641176675443
05b1e954-e0de-4e6a-bec5-f040535b11d2,1747059641210018443
05b1e954-e0de-4e6a-bec5-f040535b11d2,1747059641243360443
05b1e954-e0de-4e6a-bec5-f040535b11d2,1747059641276703443
05b1e954-e0de-4e6a-bec5-f040535b11d2,1747059641310045443
05b1e954-e0de-4e6a-bec5-f040535b11d2,1747059641343388443
05b1e954-e0de-4e6a-bec5-f040535b11d2,1747059641376730443
05b1e954-e0de-4e6a-bec5-f040535b11d2,1747059641410072443
05b1e954-e0de-4e6a-bec5-f040535b11d2,1747059641443415443
05b1e954-e0de-4e6a-bec5-f040535b11d2,1747059641476757443
05b1e954-e0de-4e6a-bec5-f040535b11d2,1747059641510100443
05b1e954-e0de-4e6a-bec5-f040535b11d2,1747059641543442443
05b1e954-e0de-4e6a-bec5-f040535b11d2,1747059641576785443
05b1e954-e0de-4e6a-bec5-f040535b11d2,1747059641610127443
05b1e954-e0de-4e6a-bec5-f040535b11d2,1747059641643470443
05b1e954-e0de-4e6a-bec5-f040535b11d2,1747059641676812443
05b1e954-e0de-4e6a-bec5-f040535b11d2,1747059641710154443
05b1e954-e0de-4e6a-bec5-f040535b11d2,1747059641743497443
05b1e954-e0de-4e6a-bec5-f040535b11d2,1747059641776839443
05b1e954-e0de-4e6a-bec5-f040535b11d2,1747059641810182443
05b1e954-e0de-4e6a-bec5-f040535b11d2,1747059641843524443
05b1e954-e0de-4e6a-bec5-f040535b11d2,1747059641876867443
05b1e954-e0de-4e6a-bec5-f040535b11d2,1747059641910209443
05b1e954-e0de-4e6a-bec5-f040535b11d2,1747059641943552443
05b1e954-e0de-4e6a-bec5-f040535b11d2,1747059641976894443
05b1e954-e0de-4e6a-bec5-f040535b11d2,1747059642010236443
05b1e954-e0de-4e6a-bec5-f040535b11d2,1747059642043579443
05b1e954-e0de-4e6a-bec5-f040535b11d2,1747059642076921443
05b1e954-e0de-4e6a-bec5-f040535b11d2,1747059642110264443
05b1e954-e0de-4e6a-bec5-f040535b11d2,1747059642143606443
05b1e954-e0de-4e6a-bec5-f040535b11d2,1747059642176949443
05b1e954-e0de-4e6a-bec5-f040535b11d2,1747059642210291443
05b1e954-e0de-4e6a-bec5-f040535b11d2,1747059642243634443
05b1e954-e0de-4e6a-bec5-f040535b11d2,1747059642276976443
05b1e954-e0de-4e6a-bec5-f040535b11d2,1747059642310318443
05b1e954-e0de-4e6a-bec5-f040535b11d2,1747059642343661443
05b1e954-e0de-4e6a-bec5-f040535b11d2,1747059642377003443
05b1e954-e0de-4e6a-bec5-f040535b11d2,1747059642410346443
05b1e954-e0de-4e6a-bec5-f040535b11d2,1747059642443688443
05b1e954-e0de-4e6a-bec5-f040535b11d2,1747059642477031443
05b1e954-e0de-4e6a-bec5-f040535b11d2,1747059642510373443
05b1e954-e0de-4e6a-bec5-f040535b11d2,1747059642543716443
05b1e954-e0de-4e6a-bec5-f040535b11d2,1747059642577058443
05b1e954-e0de-4e6a-bec5-f040535b11d2,1747059642610401443
05b1e954-e0de-4e6a-bec5-f040535b11d2,1747059642643743443
05b1e954-e0de-4e6a-bec5-f040535b11d2,1747059642677085443
05b1e954-e0de-4e6a-bec5-f040535b11d2,1747059642710428443
05b1e954-e0de-4e6a-bec5-f040535b11d2,1747059642743770443
05b1e954-e0de-4e6a-bec5-f040535b11d2,1747059642777113443
05b1e954-e0de-4e6a-bec5-f040535b11d2,1747059642810455443
05b1e954-e0de-4e6a-bec5-f040535b11d2,1747059642843798443
05b1e954-e0de-4e6a-bec5-f040535b11d2,1747059642877140443
05b1e954-e0de-4e6a-bec5-f040535b11d2,1747059642910483443
05b1e954-e0de-4e6a-bec5-f040535b11d2,1747059642943825443
05b1e954-e0de-4e6a-bec5-f040535b11d2,1747059642977167443
05b1e954-e0de-4e6a-bec5-f040535b11d2,1747059643010510443
05b1e954-e0de-4e6a-bec5-f040535b11d2,1747059643043852443
05b1e954-e0de-4e6a-bec5-f040535b11d2,1747059643077195443
05b1e954-e0de-4e6a-bec5-f040535b11d2,1747059643110537443
05b1e954-e0de-4e6a-bec5-f040535b11d2,1747059643143880443
05b1e954-e0de-4e6a-bec5-f040535b11d2,1747059643177222443
05b1e954-e0de-4e6a-bec5-f040535b11d2,1747059643210565443
05b1e954-e0de-4e6a-bec5-f040535b11d2,1747059643243907443
05b1e954-e0de-4e6a-bec5-f040535b11d2,1747059643277249443
05b1e954-e0de-4e6a-bec5-f040535b11d2,1747059643310592443
05b1e954-e0de-4e6a-bec5-f040535b11d2,1747059643343934443
05b1e954-e0de-4e6a-bec5-f040535b11d2,1747059643377277443
05b1e954-e0de-4e6a-bec5-f040535b11d2,1747059643410619443
05b1e954-e0de-4e6a-bec5-f040535b11d2,1747059643443962443
05b1e954-e0de-4e6a-bec5-f040535b11d2,1747059643477304443
05b1e954-e0de-4e6a-bec5-f040535b11d2,1747059643510647443
05b1e954-e0de-4e6a-bec5-f040535b11d2,1747059643543989443
05b1e954-e0de-4e6a-bec5-f040535b11d2,1747059643577331443
05b1e954-e0de-4e6a-bec5-f040535b11d2,1747059643610674443
05b1e954-e0de-4e6a-bec5-f040535b11d2,1747059643644016443
05b1e954-e0de-4e6a-bec5-f040535b11d2,1747059643677359443
05b1e954-e0de-4e6a-bec5-f040535b11d2,1747059643710701443
05b1e954-e0de-4e6a-bec5-f040535b11d2,1747059643744044443
05b1e954-e0de-4e6a-bec5-f040535b11d2,1747059643777386443
05b1e954-e0de-4e6a-bec5-f040535b11d2,1747059643810729443
05b1e954-e0de-4e6a-bec5-f040535b11d2,1747059643844071443
05b1e954-e0de-4e6a-bec5-f040535b11d2,1747059643877413443
05b1e954-e0de-4e6a-bec5-f040535b11d2,1747059643910756443
05b1e954-e0de-4e6a-bec5-f040535b11d2,1747059643944098443
05b1e954-e0de-4e6a-bec5-f040535b11d2,1747059643977441443
05b1e954-e0de-4e6a-bec5-f040535b11d2,1747059644010783443
05b1e954-e0de-4e6a-bec5-f040535b11d2,1747059644044126443
05b1e954-e0de-4e6a-bec5-f040535b11d2,1747059644077468443
05b1e954-e0de-4e6a-bec5-f040535b11d2,1747059644110811443
05b1e954-e0de-4e6a-bec5-f040535b11d2,1747059644144153443
05b1e954-e0de-4e6a-bec5-f040535b11d2,1747059644177495443
05b1e954-e0de-4e6a-bec5-f040535b11d2,1747059644210838443
05b1e954-e0de-4e6a-bec5-f040535b11d2,1747059644244180443
05b1e954-e0de-4e6a-bec5-f040535b11d2,1747059644277523443
05b1e954-e0de-4e6a-bec5-f040535b11d2,1747059644310865443
05b1e954-e0de-4e6a-bec5-f040535b11d2,1747059644344208443
05b1e954-e0de-4e6a-bec5-f040535b11d2,1747059644377550443
05b1e954-e0de-4e6a-bec5-f040535b11d2,1747059644410893443
05b1e954-e0de-4e6a-bec5-f040535b11d2,1747059644444235443
05b1e954-e0de-4e6a-bec5-f040535b11d2,1747059644477578443
05b1e954-e0de-4e6a-bec5-f040535b11d2,1747059644510920443
05b1e954-e0de-4e6a-bec5-f040535b11d2,1747059644544262443
05b1e954-e0de-4e6a-bec5-f040535b11d2,1747059644577605443
05b1e954-e0de-4e6a-bec5-f040535b11d2,1747059644610947443
05b1e954-e0de-4e6a-bec5-f040535b11d2,1747059644644290443
05b1e954-e0de-4e6a-bec5-f040535b11d2,1747059644677632443
05b1e954-e0de-4e6a-bec5-f040535b11d2,1747059644710975443
05b1e954-e0de-4e6a-bec5-f040535b11d2,1747059644744317443
05b1e954-e0de-4e6a-bec5-f040535b11d2,1747059644777660443
05b1e954-e0de-4e6a-bec5-f040535b11d2,1747059644811002443
05b1e954-e0de-4e6a-bec5-f040535b11d2,1747059644844344443
05b1e954-e0de-4e6a-bec5-f040535b11d2,1747059644877687443
05b1e954-e0de-4e6a-bec5-f040535b11d2,1747059644911029443
05b1e954-e0de-4e6a-bec5-f040535b11d2,1747059644944372443
05b1e954-e0de-4e6a-bec5-f040535b11d2,1747059644977714443
05b1e954-e0de-4e6a-bec5-f040535b11d2,1747059645011057443
05b1e954-e0de-4e6a-bec5-f040535b11d2,1747059645044399443
05b1e954-e0de-4e6a-bec5-f040535b11d2,1747059645077742443
05b1e954-e0de-4e6a-bec5-f040535b11d2,1747059645111084443
05b1e954-e0de-4e6a-bec5-f040535b11d2,1747059645144426443
05b1e954-e0de-4e6a-bec5-f040535b11d2,1747059645177769443
05b1e954-e0de-4e6a-bec5-f040535b11d2,1747059645211111443
05b1e954-e0de-4e6a-bec5-f040535b11d2,1747059645244454443
05b1e954-e0de-4e6a-bec5-f040535b11d2,1747059645277796443
05b1e954-e0de-4e6a-bec5-f040535b11d2,1747059645311139443
05b1e954-e0de-4e6a-bec5-f040535b11d2,1747059645344481443
05b1e954-e0de-4e6a-bec5-f040535b11d2,1747059645377824443
05b1e954-e0de-4e6a-bec5-f040535b11d2,1747059645411166443
05b1e954-e0de-4e6a-bec5-f040535b11d2,1747059645444509443
05b1e954-e0de-4e6a-bec5-f040535b11d2,1747059645477851443
05b1e954-e0de-4e6a-bec5-f040535b11d2,1747059645511193443
05b1e954-e0de-4e6a-bec5-f040535b11d2,1747059645544536443
05b1e954-e0de-4e6a-bec5-f040535b11d2,1747059645577878443
05b1e954-e0de-4e6a-bec5-f040535b11d2,1747059645611221443
05b1e954-e0de-4e6a-bec5-f040535b11d2,1747059645644563443
05b1e954-e0de-4e6a-bec5-f040535b11d2,1747059645677906443
05b1e954-e0de-4e6a-bec5-f040535b11d2,1747059645711248443
05b1e954-e0de-4e6a-bec5-f040535b11d2,1747059645744591443
05b1e954-e0de-4e6a-bec5-f040535b11d2,1747059645777933443
05b1e954-e0de-4e6a-bec5-f040535b11d2,1747059645811275443
05b1e954-e0de-4e6a-bec5-f040535b11d2,1747059645844618443
05b1e954-e0de-4e6a-bec5-f040535b11d2,1747059645877960443
05b1e954-e0de-4e6a-bec5-f040535b11d2,1747059645911303443
05b1e954-e0de-4e6a-bec5-f040535b11d2,1747059645944645443
05b1e954-e0de-4e6a-bec5-f040535b11d2,1747059645977988443
05b1e954-e0de-4e6a-bec5-f040535b11d2,1747059646011330443
05b1e954-e0de-4e6a-bec5-f040535b11d2,1747059646044673443
05b1e954-e0de-4e6a-bec5-f040535b11d2,1747059646078015443
05b1e954-e0de-4e6a-bec5-f040535b11d2,1747059646111357443
05b1e954-e0de-4e6a-bec5-f040535b11d2,1747059646144700443
05b1e954-e0de-4e6a-bec5-f040535b11d2,1747059646178042443
05b1e954-e0de-4e6a-bec5-f040535b11d2,1747059646211385443
05b1e954-e0de-4e6a-bec5-f040535b11d2,1747059646244727443
05b1e954-e0de-4e6a-bec5-f040535b11d2,1747059646278070443
05b1e954-e0de-4e6a-bec5-f040535b11d2,1747059646311412443
05b1e954-e0de-4e6a-bec5-f040535b11d2,1747059646344755443
05b1e954-e0de-4e6a-bec5-f040535b11d2,1747059646378097443
05b1e954-e0de-4e6a-bec5-f040535b11d2,1747059646411439443
05b1e954-e0de-4e6a-bec5-f040535b11d2,1747059646444782443
05b1e954-e0de-4e6a-bec5-f040535b11d2,1747059646478124443
05b1e954-e0de-4e6a-bec5-f040535b11d2,1747059646511467443
05b1e954-e0de-4e6a-bec5-f040535b11d2,1747059646544809443
05b1e954-e0de-4e6a-bec5-f040535b11d2,1747059646578152443
05b1e954-e0de-4e6a-bec5-f040535b11d2,1747059646611494443
05b1e954-e0de-4e6a-bec5-f040535b11d2,1747059646644837443
05b1e954-e0de-4e6a-bec5-f040535b11d2,1747059646678179443
05b1e954-e0de-4e6a-bec5-f040535b11d2,1747059646711521443
05b1e954-e0de-4e6a-bec5-f040535b11d2,1747059646744864443
05b1e954-e0de-4e6a-bec5-f040535b11d2,1747059646778206443
05b1e954-e0de-4e6a-bec5-f040535b11d2,1747059646811549443
05b1e954-e0de-4e6a-bec5-f040535b11d2,1747059646844891443
05b1e954-e0de-4e6a-bec5-f040535b11d2,1747059646878234443
05b1e954-e0de-4e6a-bec5-f040535b11d2,1747059646911576443
05b1e954-e0de-4e6a-bec5-f040535b11d2,1747059646944919443
05b1e954-e0de-4e6a-bec5-f040535b11d2,1747059646978261443
05b1e954-e0de-4e6a-bec5-f040535b11d2,1747059647011604443
05b1e954-e0de-4e6a-bec5-f040535b11d2,1747059647044946443
05b1e954-e0de-4e6a-bec5-f040535b11d2,1747059647078288443
05b1e954-e0de-4e6a-bec5-f040535b11d2,1747059647111631443
05b1e954-e0de-4e6a-bec5-f040535b11d2,1747059647144973443
05b1e954-e0de-4e6a-bec5-f040535b11d2,1747059647178316443
05b1e954-e0de-4e6a-bec5-f040535b11d2,1747059647211658443
05b1e954-e0de-4e6a-bec5-f040535b11d2,1747059647245001443
05b1e954-e0de-4e6a-bec5-f040535b11d2,1747059647278343443
05b1e954-e0de-4e6a-bec5-f040535b11d2,1747059647311686443
05b1e954-e0de-4e6a-bec5-f040535b11d2,1747059647345028443
05b1e954-e0de-4e6a-bec5-f040535b11d2,1747059647378370443
05b1e954-e0de-4e6a-bec5-f040535b11d2,1747059647411713443
05b1e954-e0de-4e6a-bec5-f040535b11d2,1747059647445055443
05b1e954-e0de-4e6a-bec5-f040535b11d2,1747059647478398443
05b1e954-e0de-4e6a-bec5-f040535b11d2,1747059647511740443
05b1e954-e0de-4e6a-bec5-f040535b11d2,1747059647545083443
05b1e954-e0de-4e6a-bec5-f040535b11d2,1747059647578425443
05b1e954-e0de-4e6a-bec5-f040535b11d2,1747059647611768443
05b1e954-e0de-4e6a-bec5-f040535b11d2,1747059647645110443
05b1e954-e0de-4e6a-bec5-f040535b11d2,1747059647678452443
05b1e954-e0de-4e6a-bec5-f040535b11d2,1747059647711795443
05b1e954-e0de-4e6a-bec5-f040535b11d2,1747059647745137443
05b1e954-e0de-4e6a-bec5-f040535b11d2,1747059647778480443
05b1e954-e0de-4e6a-bec5-f040535b11d2,1747059647811822443
05b1e954-e0de-4e6a-bec5-f040535b11d2,1747059647845165443
05b1e954-e0de-4e6a-bec5-f040535b11d2,1747059647878507443
05b1e954-e0de-4e6a-bec5-f040535b11d2,1747059647911850443
05b1e954-e0de-4e6a-bec5-f040535b11d2,1747059647945192443
05b1e954-e0de-4e6a-bec5-f040535b11d2,1747059647978534443
05b1e954-e0de-4e6a-bec5-f040535b11d2,1747059648011877443
05b1e954-e0de-4e6a-bec5-f040535b11d2,1747059648045219443
05b1e954-e0de-4e6a-bec5-f040535b11d2,1747059648078562443
05b1e954-e0de-4e6a-bec5-f040535b11d2,1747059648111904443
05b1e954-e0de-4e6a-bec5-f040535b11d2,1747059648145247443
05b1e954-e0de-4e6a-bec5-f040535b11d2,1747059648178589443
05b1e954-e0de-4e6a-bec5-f040535b11d2,1747059648211932443
05b1e954-e0de-4e6a-bec5-f040535b11d2,1747059648245274443
05b1e954-e0de-4e6a-bec5-f040535b11d2,1747059648278616443
05b1e954-e0de-4e6a-bec5-f040535b11d2,1747059648311959443
05b1e954-e0de-4e6a-bec5-f040535b11d2,1747059648345301443
05b1e954-e0de-4e6a-bec5-f040535b11d2,1747059648378644443
05b1e954-e0de-4e6a-bec5-f040535b11d2,1747059648411986443
05b1e954-e0de-4e6a-bec5-f040535b11d2,1747059648445329443
05b1e954-e0de-4e6a-bec5-f040535b11d2,1747059648478671443
05b1e954-e0de-4e6a-bec5-f040535b11d2,1747059648512014443
05b1e954-e0de-4e6a-bec5-f040535b11d2,1747059648545356443
05b1e954-e0de-4e6a-bec5-f040535b11d2,1747059648578698443
05b1e954-e0de-4e6a-bec5-f040535b11d2,1747059648612041443
05b1e954-e0de-4e6a-bec5-f040535b11d2,1747059648645383443
05b1e954-e0de-4e6a-bec5-f040535b11d2,1747059648678726443
05b1e954-e0de-4e6a-bec5-f040535b11d2,1747059648712068443
05b1e954-e0de-4e6a-bec5-f040535b11d2,1747059648745411443
05b1e954-e0de-4e6a-bec5-f040535b11d2,1747059648778753443
05b1e954-e0de-4e6a-bec5-f040535b11d2,1747059648812096443
05b1e954-e0de-4e6a-bec5-f040535b11d2,1747059648845438443
05b1e954-e0de-4e6a-bec5-f040535b11d2,1747059648878781443
05b1e954-e0de-4e6a-bec5-f040535b11d2,1747059648912123443
05b1e954-e0de-4e6a-bec5-f040535b11d2,1747059648945465443
05b1e954-e0de-4e6a-bec5-f040535b11d2,1747059648978808443
05b1e954-e0de-4e6a-bec5-f040535b11d2,1747059649012150443
05b1e954-e0de-4e6a-bec5-f040535b11d2,1747059649045493443
05b1e954-e0de-4e6a-bec5-f040535b11d2,1747059649078835443
05b1e954-e0de-4e6a-bec5-f040535b11d2,1747059649112178443
05b1e954-e0de-4e6a-bec5-f040535b11d2,1747059649145520443
05b1e954-e0de-4e6a-bec5-f040535b11d2,1747059649178863443
05b1e954-e0de-4e6a-bec5-f040535b11d2,1747059649212205443
05b1e954-e0de-4e6a-bec5-f040535b11d2,1747059649245547443
05b1e954-e0de-4e6a-bec5-f040535b11d2,1747059649278890443
05b1e954-e0de-4e6a-bec5-f040535b11d2,1747059649312232443
05b1e954-e0de-4e6a-bec5-f040535b11d2,1747059649345575443
05b1e954-e0de-4e6a-bec5-f040535b11d2,1747059649378917443
05b1e954-e0de-4e6a-bec5-f040535b11d2,1747059649412260443
05b1e954-e0de-4e6a-bec5-f040535b11d2,1747059649445602443
05b1e954-e0de-4e6a-bec5-f040535b11d2,1747059649478945443
05b1e954-e0de-4e6a-bec5-f040535b11d2,1747059649512287443
05b1e954-e0de-4e6a-bec5-f040535b11d2,1747059649545629443
05b1e954-e0de-4e6a-bec5-f040535b11d2,1747059649578972443
05b1e954-e0de-4e6a-bec5-f040535b11d2,1747059649612314443
05b1e954-e0de-4e6a-bec5-f040535b11d2,1747059649645657443
05b1e954-e0de-4e6a-bec5-f040535b11d2,1747059649678999443
05b1e954-e0de-4e6a-bec5-f040535b11d2,1747059649712342443
05b1e954-e0de-4e6a-bec5-f040535b11d2,1747059649745684443
05b1e954-e0de-4e6a-bec5-f040535b11d2,1747059649779027443
05b1e954-e0de-4e6a-bec5-f040535b11d2,1747059649812369443
05b1e954-e0de-4e6a-bec5-f040535b11d2,1747059649845711443
05b1e954-e0de-4e6a-bec5-f040535b11d2,1747059649879054443
05b1e954-e0de-4e6a-bec5-f040535b11d2,1747059649912396443
05b1e954-e0de-4e6a-bec5-f040535b11d2,1747059649945739443
05b1e954-e0de-4e6a-bec5-f040535b11d2,1747059649979081443
05b1e954-e0de-4e6a-bec5-f040535b11d2,1747059650012424443
05b1e954-e0de-4e6a-bec5-f040535b11d2,1747059650045766443
05b1e954-e0de-4e6a-bec5-f040535b11d2,1747059650079109443
05b1e954-e0de-4e6a-bec5-f040535b11d2,1747059650112451443
05b1e954-e0de-4e6a-bec5-f040535b11d2,1747059650145793443
05b1e954-e0de-4e6a-bec5-f040535b11d2,1747059650179136443
05b1e954-e0de-4e6a-bec5-f040535b11d2,1747059650212478443
05b1e954-e0de-4e6a-bec5-f040535b11d2,1747059650245821443
05b1e954-e0de-4e6a-bec5-f040535b11d2,1747059650279163443
05b1e954-e0de-4e6a-bec5-f040535b11d2,1747059650312506443
05b1e954-e0de-4e6a-bec5-f040535b11d2,1747059650345848443
05b1e954-e0de-4e6a-bec5-f040535b11d2,1747059650379191443
05b1e954-e0de-4e6a-bec5-f040535b11d2,1747059650412533443
05b1e954-e0de-4e6a-bec5-f040535b11d2,1747059650445875443
05b1e954-e0de-4e6a-bec5-f040535b11d2,1747059650479218443
05b1e954-e0de-4e6a-bec5-f040535b11d2,1747059650512560443
05b1e954-e0de-4e6a-bec5-f040535b11d2,1747059650545903443
05b1e954-e0de-4e6a-bec5-f040535b11d2,1747059650579245443
05b1e954-e0de-4e6a-bec5-f040535b11d2,1747059650612588443
05b1e954-e0de-4e6a-bec5-f040535b11d2,1747059650645930443
05b1e954-e0de-4e6a-bec5-f040535b11d2,1747059650679273443
05b1e954-e0de-4e6a-bec5-f040535b11d2,1747059650712615443
05b1e954-e0de-4e6a-bec5-f040535b11d2,1747059650745958443
05b1e954-e0de-4e6a-bec5-f040535b11d2,1747059650779300443
05b1e954-e0de-4e6a-bec5-f040535b11d2,1747059650812642443
05b1e954-e0de-4e6a-bec5-f040535b11d2,1747059650845985443
05b1e954-e0de-4e6a-bec5-f040535b11d2,1747059650879327443
05b1e954-e0de-4e6a-bec5-f040535b11d2,1747059650912670443
05b1e954-e0de-4e6a-bec5-f040535b11d2,1747059650946012443
05b1e954-e0de-4e6a-bec5-f040535b11d2,1747059650979355443
05b1e954-e0de-4e6a-bec5-f040535b11d2,1747059651012697443
05b1e954-e0de-4e6a-bec5-f040535b11d2,1747059651046040443
05b1e954-e0de-4e6a-bec5-f040535b11d2,1747059651079382443
05b1e954-e0de-4e6a-bec5-f040535b11d2,1747059651112724443
05b1e954-e0de-4e6a-bec5-f040535b11d2,1747059651146067443
05b1e954-e0de-4e6a-bec5-f040535b11d2,1747059651179409443
05b1e954-e0de-4e6a-bec5-f040535b11d2,1747059651212752443
05b1e954-e0de-4e6a-bec5-f040535b11d2,1747059651246094443
05b1e954-e0de-4e6a-bec5-f040535b11d2,1747059651279437443
05b1e954-e0de-4e6a-bec5-f040535b11d2,1747059651312779443
05b1e954-e0de-4e6a-bec5-f040535b11d2,1747059651346122443
05b1e954-e0de-4e6a-bec5-f040535b11d2,1747059651379464443
05b1e954-e0de-4e6a-bec5-f040535b11d2,1747059651412806443
05b1e954-e0de-4e6a-bec5-f040535b11d2,1747059651446149443
05b1e954-e0de-4e6a-bec5-f040535b11d2,1747059651479491443
05b1e954-e0de-4e6a-bec5-f040535b11d2,1747059651512834443
05b1e954-e0de-4e6a-bec5-f040535b11d2,1747059651546176443
05b1e954-e0de-4e6a-bec5-f040535b11d2,1747059651579519443
05b1e954-e0de-4e6a-bec5-f040535b11d2,1747059651612861443
05b1e954-e0de-4e6a-bec5-f040535b11d2,1747059651646204443
05b1e954-e0de-4e6a-bec5-f040535b11d2,1747059651679546443
05b1e954-e0de-4e6a-bec5-f040535b11d2,1747059651712888443
05b1e954-e0de-4e6a-bec5-f040535b11d2,1747059651746231443
05b1e954-e0de-4e6a-bec5-f040535b11d2,1747059651779573443
05b1e954-e0de-4e6a-bec5-f040535b11d2,1747059651812916443
05b1e954-e0de-4e6a-bec5-f040535b11d2,1747059651846258443
05b1e954-e0de-4e6a-bec5-f040535b11d2,1747059651879601443
05b1e954-e0de-4e6a-bec5-f040535b11d2,1747059651912943443
05b1e954-e0de-4e6a-bec5-f040535b11d2,1747059651946286443
05b1e954-e0de-4e6a-bec5-f040535b11d2,1747059651979628443
05b1e954-e0de-4e6a-bec5-f040535b11d2,1747059652012970443
05b1e954-e0de-4e6a-bec5-f040535b11d2,1747059652046313443
05b1e954-e0de-4e6a-bec5-f040535b11d2,1747059652079655443
05b1e954-e0de-4e6a-bec5-f040535b11d2,1747059652112998443
05b1e954-e0de-4e6a-bec5-f040535b11d2,1747059652146340443
05b1e954-e0de-4e6a-bec5-f040535b11d2,1747059652179683443
05b1e954-e0de-4e6a-bec5-f040535b11d2,1747059652213025443
05b1e954-e0de-4e6a-bec5-f040535b11d2,1747059652246368443
05b1e954-e0de-4e6a-bec5-f040535b11d2,1747059652279710443
05b1e954-e0de-4e6a-bec5-f040535b11d2,1747059652313052443
05b1e954-e0de-4e6a-bec5-f040535b11d2,1747059652346395443
05b1e954-e0de-4e6a-bec5-f040535b11d2,1747059652379737443
05b1e954-e0de-4e6a-bec5-f040535b11d2,1747059652413080443
05b1e954-e0de-4e6a-bec5-f040535b11d2,1747059652446422443
05b1e954-e0de-4e6a-bec5-f040535b11d2,1747059652479765443
05b1e954-e0de-4e6a-bec5-f040535b11d2,1747059652513107443
05b1e954-e0de-4e6a-bec5-f040535b11d2,1747059652546450443
05b1e954-e0de-4e6a-bec5-f040535b11d2,1747059652579792443
05b1e954-e0de-4e6a-bec5-f040535b11d2,1747059652613135443
05b1e954-e0de-4e6a-bec5-f040535b11d2,1747059652646477443
05b1e954-e0de-4e6a-bec5-f040535b11d2,1747059652679819443
05b1e954-e0de-4e6a-bec5-f040535b11d2,1747059652713162443
05b1e954-e0de-4e6a-bec5-f040535b11d2,1747059652746504443
05b1e954-e0de-4e6a-bec5-f040535b11d2,1747059652779847443
05b1e954-e0de-4e6a-bec5-f040535b11d2,1747059652813189443
05b1e954-e0de-4e6a-bec5-f040535b11d2,1747059652846532443
05b1e954-e0de-4e6a-bec5-f040535b11d2,1747059652879874443
05b1e954-e0de-4e6a-bec5-f040535b11d2,1747059652913217443
05b1e954-e0de-4e6a-bec5-f040535b11d2,1747059652946559443
05b1e954-e0de-4e6a-bec5-f040535b11d2,1747059652979901443
05b1e954-e0de-4e6a-bec5-f040535b11d2,1747059653013244443
05b1e954-e0de-4e6a-bec5-f040535b11d2,1747059653046586443
05b1e954-e0de-4e6a-bec5-f040535b11d2,1747059653079929443
05b1e954-e0de-4e6a-bec5-f040535b11d2,1747059653113271443
05b1e954-e0de-4e6a-bec5-f040535b11d2,1747059653146614443
05b1e954-e0de-4e6a-bec5-f040535b11d2,1747059653179956443
05b1e954-e0de-4e6a-bec5-f040535b11d2,1747059653213299443
05b1e954-e0de-4e6a-bec5-f040535b11d2,1747059653246641443
05b1e954-e0de-4e6a-bec5-f040535b11d2,1747059653279983443
05b1e954-e0de-4e6a-bec5-f040535b11d2,1747059653313326443
05b1e954-e0de-4e6a-bec5-f040535b11d2,1747059653346668443
05b1e954-e0de-4e6a-bec5-f040535b11d2,1747059653380011443
05b1e954-e0de-4e6a-bec5-f040535b11d2,1747059653413353443
05b1e954-e0de-4e6a-bec5-f040535b11d2,1747059653446696443
05b1e954-e0de-4e6a-bec5-f040535b11d2,1747059653480038443
05b1e954-e0de-4e6a-bec5-f040535b11d2,1747059653513381443
05b1e954-e0de-4e6a-bec5-f040535b11d2,1747059653546723443
05b1e954-e0de-4e6a-bec5-f040535b11d2,1747059653580065443
05b1e954-e0de-4e6a-bec5-f040535b11d2,1747059653613408443
05b1e954-e0de-4e6a-bec5-f040535b11d2,1747059653646750443
05b1e954-e0de-4e6a-bec5-f040535b11d2,1747059653680093443
05b1e954-e0de-4e6a-bec5-f040535b11d2,1747059653713435443
05b1e954-e0de-4e6a-bec5-f040535b11d2,1747059653746778443
05b1e954-e0de-4e6a-bec5-f040535b11d2,1747059653780120443
05b1e954-e0de-4e6a-bec5-f040535b11d2,1747059653813463443
05b1e954-e0de-4e6a-bec5-f040535b11d2,1747059653846805443
05b1e954-e0de-4e6a-bec5-f040535b11d2,1747059653880147443
05b1e954-e0de-4e6a-bec5-f040535b11d2,1747059653913490443
05b1e954-e0de-4e6a-bec5-f040535b11d2,1747059653946832443
05b1e954-e0de-4e6a-bec5-f040535b11d2,1747059653980175443
05b1e954-e0de-4e6a-bec5-f040535b11d2,1747059654013517443
05b1e954-e0de-4e6a-bec5-f040535b11d2,1747059654046860443
05b1e954-e0de-4e6a-bec5-f040535b11d2,1747059654080202443
05b1e954-e0de-4e6a-bec5-f040535b11d2,1747059654113545443
05b1e954-e0de-4e6a-bec5-f040535b11d2,1747059654146887443
05b1e954-e0de-4e6a-bec5-f040535b11d2,1747059654180229443
05b1e954-e0de-4e6a-bec5-f040535b11d2,1747059654213572443
05b1e954-e0de-4e6a-bec5-f040535b11d2,1747059654246914443
05b1e954-e0de-4e6a-bec5-f040535b11d2,1747059654280257443
05b1e954-e0de-4e6a-bec5-f040535b11d2,1747059654313599443
05b1e954-e0de-4e6a-bec5-f040535b11d2,1747059654346942443
05b1e954-e0de-4e6a-bec5-f040535b11d2,1747059654380284443
05b1e954-e0de-4e6a-bec5-f040535b11d2,1747059654413627443
05b1e954-e0de-4e6a-bec5-f040535b11d2,1747059654446969443
05b1e954-e0de-4e6a-bec5-f040535b11d2,1747059654480312443
05b1e954-e0de-4e6a-bec5-f040535b11d2,1747059654513654443
05b1e954-e0de-4e6a-bec5-f040535b11d2,1747059654546996443
05b1e954-e0de-4e6a-bec5-f040535b11d2,1747059654580339443
05b1e954-e0de-4e6a-bec5-f040535b11d2,1747059654613681443
05b1e954-e0de-4e6a-bec5-f040535b11d2,1747059654647024443
05b1e954-e0de-4e6a-bec5-f040535b11d2,1747059654680366443
05b1e954-e0de-4e6a-bec5-f040535b11d2,1747059654713709443
05b1e954-e0de-4e6a-bec5-f040535b11d2,1747059654747051443
05b1e954-e0de-4e6a-bec5-f040535b11d2,1747059654780394443
05b1e954-e0de-4e6a-bec5-f040535b11d2,1747059654813736443
05b1e954-e0de-4e6a-bec5-f040535b11d2,1747059654847078443
05b1e954-e0de-4e6a-bec5-f040535b11d2,1747059654880421443
05b1e954-e0de-4e6a-bec5-f040535b11d2,1747059654913763443
05b1e954-e0de-4e6a-bec5-f040535b11d2,1747059654947106443
05b1e954-e0de-4e6a-bec5-f040535b11d2,1747059654980448443
05b1e954-e0de-4e6a-bec5-f040535b11d2,1747059655013791443
05b1e954-e0de-4e6a-bec5-f040535b11d2,1747059655047133443
05b1e954-e0de-4e6a-bec5-f040535b11d2,1747059655080476443
05b1e954-e0de-4e6a-bec5-f040535b11d2,1747059655113818443
05b1e954-e0de-4e6a-bec5-f040535b11d2,1747059655147160443
05b1e954-e0de-4e6a-bec5-f040535b11d2,1747059655180503443
05b1e954-e0de-4e6a-bec5-f040535b11d2,1747059655213845443
05b1e954-e0de-4e6a-bec5-f040535b11d2,1747059655247188443
05b1e954-e0de-4e6a-bec5-f040535b11d2,1747059655280530443
05b1e954-e0de-4e6a-bec5-f040535b11d2,1747059655313873443
05b1e954-e0de-4e6a-bec5-f040535b11d2,1747059655347215443
05b1e954-e0de-4e6a-bec5-f040535b11d2,1747059655380558443
05b1e954-e0de-4e6a-bec5-f040535b11d2,1747059655413900443
05b1e954-e0de-4e6a-bec5-f040535b11d2,1747059655447242443
05b1e954-e0de-4e6a-bec5-f040535b11d2,1747059655480585443
05b1e954-e0de-4e6a-bec5-f040535b11d2,1747059655513927443
05b1e954-e0de-4e6a-bec5-f040535b11d2,1747059655547270443
05b1e954-e0de-4e6a-bec5-f040535b11d2,1747059655580612443
05b1e954-e0de-4e6a-bec5-f040535b11d2,1747059655613955443
05b1e954-e0de-4e6a-bec5-f040535b11d2,1747059655647297443
05b1e954-e0de-4e6a-bec5-f040535b11d2,1747059655680640443
05b1e954-e0de-4e6a-bec5-f040535b11d2,1747059655713982443
05b1e954-e0de-4e6a-bec5-f040535b11d2,1747059655747324443
05b1e954-e0de-4e6a-bec5-f040535b11d2,1747059655780667443
05b1e954-e0de-4e6a-bec5-f040535b11d2,1747059655814009443
05b1e954-e0de-4e6a-bec5-f040535b11d2,1747059655847352443
05b1e954-e0de-4e6a-bec5-f040535b11d2,1747059655880694443
05b1e954-e0de-4e6a-bec5-f040535b11d2,1747059655914037443
05b1e954-e0de-4e6a-bec5-f040535b11d2,1747059655947379443
05b1e954-e0de-4e6a-bec5-f040535b11d2,1747059655980722443
05b1e954-e0de-4e6a-bec5-f040535b11d2,1747059656014064443
05b1e954-e0de-4e6a-bec5-f040535b11d2,1747059656047406443
05b1e954-e0de-4e6a-bec5-f040535b11d2,1747059656080749443
05b1e954-e0de-4e6a-bec5-f040535b11d2,1747059656114091443
05b1e954-e0de-4e6a-bec5-f040535b11d2,1747059656147434443
05b1e954-e0de-4e6a-bec5-f040535b11d2,1747059656180776443
05b1e954-e0de-4e6a-bec5-f040535b11d2,1747059656214119443
05b1e954-e0de-4e6a-bec5-f040535b11d2,1747059656247461443
05b1e954-e0de-4e6a-bec5-f040535b11d2,1747059656280804443
05b1e954-e0de-4e6a-bec5-f040535b11d2,1747059656314146443
05b1e954-e0de-4e6a-bec5-f040535b11d2,1747059656347489443
05b1e954-e0de-4e6a-bec5-f040535b11d2,1747059656380831443
05b1e954-e0de-4e6a-bec5-f040535b11d2,1747059656414173443
05b1e954-e0de-4e6a-bec5-f040535b11d2,1747059656447516443
05b1e954-e0de-4e6a-bec5-f040535b11d2,1747059656480858443
05b1e954-e0de-4e6a-bec5-f040535b11d2,1747059656514201443
05b1e954-e0de-4e6a-bec5-f040535b11d2,1747059656547543443
05b1e954-e0de-4e6a-bec5-f040535b11d2,1747059656580886443
05b1e954-e0de-4e6a-bec5-f040535b11d2,1747059656614228443
05b1e954-e0de-4e6a-bec5-f040535b11d2,1747059656647571443
05b1e954-e0de-4e6a-bec5-f040535b11d2,1747059656680913443
05b1e954-e0de-4e6a-bec5-f040535b11d2,1747059656714255443
05b1e954-e0de-4e6a-bec5-f040535b11d2,1747059656747598443
05b1e954-e0de-4e6a-bec5-f040535b11d2,1747059656780940443
05b1e954-e0de-4e6a-bec5-f040535b11d2,1747059656814283443
05b1e954-e0de-4e6a-bec5-f040535b11d2,1747059656847625443
05b1e954-e0de-4e6a-bec5-f040535b11d2,1747059656880968443
05b1e954-e0de-4e6a-bec5-f040535b11d2,1747059656914310443
05b1e954-e0de-4e6a-bec5-f040535b11d2,1747059656947653443
05b1e954-e0de-4e6a-bec5-f040535b11d2,1747059656980995443
05b1e954-e0de-4e6a-bec5-f040535b11d2,1747059657014337443
05b1e954-e0de-4e6a-bec5-f040535b11d2,1747059657047680443
05b1e954-e0de-4e6a-bec5-f040535b11d2,1747059657081022443
05b1e954-e0de-4e6a-bec5-f040535b11d2,1747059657114365443
05b1e954-e0de-4e6a-bec5-f040535b11d2,1747059657147707443
05b1e954-e0de-4e6a-bec5-f040535b11d2,1747059657181050443
05b1e954-e0de-4e6a-bec5-f040535b11d2,1747059657214392443
05b1e954-e0de-4e6a-bec5-f040535b11d2,1747059657247735443
05b1e954-e0de-4e6a-bec5-f040535b11d2,1747059657281077443
05b1e954-e0de-4e6a-bec5-f040535b11d2,1747059657314419443
05b1e954-e0de-4e6a-bec5-f040535b11d2,1747059657347762443
05b1e954-e0de-4e6a-bec5-f040535b11d2,1747059657381104443
05b1e954-e0de-4e6a-bec5-f040535b11d2,1747059657414447443
05b1e954-e0de-4e6a-bec5-f040535b11d2,1747059657447789443
05b1e954-e0de-4e6a-bec5-f040535b11d2,1747059657481132443
05b1e954-e0de-4e6a-bec5-f040535b11d2,1747059657514474443
05b1e954-e0de-4e6a-bec5-f040535b11d2,1747059657547817443
05b1e954-e0de-4e6a-bec5-f040535b11d2,1747059657581159443
05b1e954-e0de-4e6a-bec5-f040535b11d2,1747059657614501443
05b1e954-e0de-4e6a-bec5-f040535b11d2,1747059657647844443
05b1e954-e0de-4e6a-bec5-f040535b11d2,1747059657681186443
05b1e954-e0de-4e6a-bec5-f040535b11d2,1747059657714529443
05b1e954-e0de-4e6a-bec5-f040535b11d2,1747059657747871443
05b1e954-e0de-4e6a-bec5-f040535b11d2,1747059657781214443
05b1e954-e0de-4e6a-bec5-f040535b11d2,1747059657814556443
05b1e954-e0de-4e6a-bec5-f040535b11d2,1747059657847899443
05b1e954-e0de-4e6a-bec5-f040535b11d2,1747059657881241443
05b1e954-e0de-4e6a-bec5-f040535b11d2,1747059657914583443
05b1e954-e0de-4e6a-bec5-f040535b11d2,1747059657947926443
05b1e954-e0de-4e6a-bec5-f040535b11d2,1747059657981268443
05b1e954-e0de-4e6a-bec5-f040535b11d2,1747059658014611443
05b1e954-e0de-4e6a-bec5-f040535b11d2,1747059658047953443
05b1e954-e0de-4e6a-bec5-f040535b11d2,1747059658081296443
05b1e954-e0de-4e6a-bec5-f040535b11d2,1747059658114638443
05b1e954-e0de-4e6a-bec5-f040535b11d2,1747059658147981443
05b1e954-e0de-4e6a-bec5-f040535b11d2,1747059658181323443
05b1e954-e0de-4e6a-bec5-f040535b11d2,1747059658214666443
05b1e954-e0de-4e6a-bec5-f040535b11d2,1747059658248008443
05b1e954-e0de-4e6a-bec5-f040535b11d2,1747059658281350443
05b1e954-e0de-4e6a-bec5-f040535b11d2,1747059658314693443
05b1e954-e0de-4e6a-bec5-f040535b11d2,1747059658348035443
05b1e954-e0de-4e6a-bec5-f040535b11d2,1747059658381378443
05b1e954-e0de-4e6a-bec5-f040535b11d2,1747059658414720443
05b1e954-e0de-4e6a-bec5-f040535b11d2,1747059658448063443
05b1e954-e0de-4e6a-bec5-f040535b11d2,1747059658481405443
05b1e954-e0de-4e6a-bec5-f040535b11d2,1747059658514748443
05b1e954-e0de-4e6a-bec5-f040535b11d2,1747059658548090443
05b1e954-e0de-4e6a-bec5-f040535b11d2,1747059658581432443
05b1e954-e0de-4e6a-bec5-f040535b11d2,1747059658614775443
05b1e954-e0de-4e6a-bec5-f040535b11d2,1747059658648117443
05b1e954-e0de-4e6a-bec5-f040535b11d2,1747059658681460443
05b1e954-e0de-4e6a-bec5-f040535b11d2,1747059658714802443
05b1e954-e0de-4e6a-bec5-f040535b11d2,1747059658748145443
05b1e954-e0de-4e6a-bec5-f040535b11d2,1747059658781487443
05b1e954-e0de-4e6a-bec5-f040535b11d2,1747059658814830443
05b1e954-e0de-4e6a-bec5-f040535b11d2,1747059658848172443
05b1e954-e0de-4e6a-bec5-f040535b11d2,1747059658881514443
05b1e954-e0de-4e6a-bec5-f040535b11d2,1747059658914857443
05b1e954-e0de-4e6a-bec5-f040535b11d2,1747059658948199443
05b1e954-e0de-4e6a-bec5-f040535b11d2,1747059658981542443
05b1e954-e0de-4e6a-bec5-f040535b11d2,1747059659014884443
05b1e954-e0de-4e6a-bec5-f040535b11d2,1747059659048227443
05b1e954-e0de-4e6a-bec5-f040535b11d2,1747059659081569443
05b1e954-e0de-4e6a-bec5-f040535b11d2,1747059659114912443
05b1e954-e0de-4e6a-bec5-f040535b11d2,1747059659148254443
05b1e954-e0de-4e6a-bec5-f040535b11d2,1747059659181596443
05b1e954-e0de-4e6a-bec5-f040535b11d2,1747059659214939443
05b1e954-e0de-4e6a-bec5-f040535b11d2,1747059659248281443
05b1e954-e0de-4e6a-bec5-f040535b11d2,1747059659281624443
05b1e954-e0de-4e6a-bec5-f040535b11d2,1747059659314966443
05b1e954-e0de-4e6a-bec5-f040535b11d2,1747059659348309443
05b1e954-e0de-4e6a-bec5-f040535b11d2,1747059659381651443
05b1e954-e0de-4e6a-bec5-f040535b11d2,1747059659414994443
05b1e954-e0de-4e6a-bec5-f040535b11d2,1747059659448336443
05b1e954-e0de-4e6a-bec5-f040535b11d2,1747059659481678443
05b1e954-e0de-4e6a-bec5-f040535b11d2,1747059659515021443
05b1e954-e0de-4e6a-bec5-f040535b11d2,1747059659548363443
05b1e954-e0de-4e6a-bec5-f040535b11d2,1747059659581706443
05b1e954-e0de-4e6a-bec5-f040535b11d2,1747059659615048443
05b1e954-e0de-4e6a-bec5-f040535b11d2,1747059659648391443
05b1e954-e0de-4e6a-bec5-f040535b11d2,1747059659681733443
05b1e954-e0de-4e6a-bec5-f040535b11d2,1747059659715076443
05b1e954-e0de-4e6a-bec5-f040535b11d2,1747059659748418443
05b1e954-e0de-4e6a-bec5-f040535b11d2,1747059659781760443
05b1e954-e0de-4e6a-bec5-f040535b11d2,1747059659815103443
05b1e954-e0de-4e6a-bec5-f040535b11d2,1747059659848445443
05b1e954-e0de-4e6a-bec5-f040535b11d2,1747059659881788443
05b1e954-e0de-4e6a-bec5-f040535b11d2,1747059659915130443
05b1e954-e0de-4e6a-bec5-f040535b11d2,1747059659948473443
05b1e954-e0de-4e6a-bec5-f040535b11d2,1747059659981815443
05b1e954-e0de-4e6a-bec5-f040535b11d2,1747059660015158443
05b1e954-e0de-4e6a-bec5-f040535b11d2,1747059660048500443
05b1e954-e0de-4e6a-bec5-f040535b11d2,1747059660081843443
05b1e954-e0de-4e6a-bec5-f040535b11d2,1747059660115185443
05b1e954-e0de-4e6a-bec5-f040535b11d2,1747059660148527443
05b1e954-e0de-4e6a-bec5-f040535b11d2,1747059660181870443
05b1e954-e0de-4e6a-bec5-f040535b11d2,1747059660215212443
05b1e954-e0de-4e6a-bec5-f040535b11d2,1747059660248555443
05b1e954-e0de-4e6a-bec5-f040535b11d2,1747059660281897443
05b1e954-e0de-4e6a-bec5-f040535b11d2,1747059660315240443
05b1e954-e0de-4e6a-bec5-f040535b11d2,1747059660348582443
05b1e954-e0de-4e6a-bec5-f040535b11d2,1747059660381925443
05b1e954-e0de-4e6a-bec5-f040535b11d2,1747059660415267443
05b1e954-e0de-4e6a-bec5-f040535b11d2,1747059660448609443
05b1e954-e0de-4e6a-bec5-f040535b11d2,1747059660481952443
05b1e954-e0de-4e6a-bec5-f040535b11d2,1747059660515294443
05b1e954-e0de-4e6a-bec5-f040535b11d2,1747059660548637443
05b1e954-e0de-4e6a-bec5-f040535b11d2,1747059660581979443
05b1e954-e0de-4e6a-bec5-f040535b11d2,1747059660615322443
05b1e954-e0de-4e6a-bec5-f040535b11d2,1747059660648664443
05b1e954-e0de-4e6a-bec5-f040535b11d2,1747059660682007443
05b1e954-e0de-4e6a-bec5-f040535b11d2,1747059660715349443
05b1e954-e0de-4e6a-bec5-f040535b11d2,1747059660748691443
05b1e954-e0de-4e6a-bec5-f040535b11d2,1747059660782034443
05b1e954-e0de-4e6a-bec5-f040535b11d2,1747059660815376443
05b1e954-e0de-4e6a-bec5-f040535b11d2,1747059660848719443
05b1e954-e0de-4e6a-bec5-f040535b11d2,1747059660882061443
05b1e954-e0de-4e6a-bec5-f040535b11d2,1747059660915404443
05b1e954-e0de-4e6a-bec5-f040535b11d2,1747059660948746443
05b1e954-e0de-4e6a-bec5-f040535b11d2,1747059660982089443
05b1e954-e0de-4e6a-bec5-f040535b11d2,1747059661015431443
05b1e954-e0de-4e6a-bec5-f040535b11d2,1747059661048774443
05b1e954-e0de-4e6a-bec5-f040535b11d2,1747059661082116443
05b1e954-e0de-4e6a-bec5-f040535b11d2,1747059661115458443
05b1e954-e0de-4e6a-bec5-f040535b11d2,1747059661148801443
05b1e954-e0de-4e6a-bec5-f040535b11d2,1747059661182143443
05b1e954-e0de-4e6a-bec5-f040535b11d2,1747059661215486443
05b1e954-e0de-4e6a-bec5-f040535b11d2,1747059661248828443
05b1e954-e0de-4e6a-bec5-f040535b11d2,1747059661282171443
05b1e954-e0de-4e6a-bec5-f040535b11d2,1747059661315513443
05b1e954-e0de-4e6a-bec5-f040535b11d2,1747059661348856443
05b1e954-e0de-4e6a-bec5-f040535b11d2,1747059661382198443
05b1e954-e0de-4e6a-bec5-f040535b11d2,1747059661415540443
05b1e954-e0de-4e6a-bec5-f040535b11d2,1747059661448883443
05b1e954-e0de-4e6a-bec5-f040535b11d2,1747059661482225443
05b1e954-e0de-4e6a-bec5-f040535b11d2,1747059661515568443
05b1e954-e0de-4e6a-bec5-f040535b11d2,1747059661548910443
05b1e954-e0de-4e6a-bec5-f040535b11d2,1747059661582253443
05b1e954-e0de-4e6a-bec5-f040535b11d2,1747059661615595443
05b1e954-e0de-4e6a-bec5-f040535b11d2,1747059661648938443
05b1e954-e0de-4e6a-bec5-f040535b11d2,1747059661682280443
05b1e954-e0de-4e6a-bec5-f040535b11d2,1747059661715622443
